URL,name,title,owner_org,public_site,Owner ,notes,location,region,latitude,longitude,site_type,status,,,,ckan_version,extensions,contact_email,tag_string,language,num_datasets,num_organizations,num_groups,is_featured,topic_id,description,api_title,primary_language
https://data.bayanat.ae,databayanatae,UAE Open Data Portal,Government of UAE,open,Central government,,,AE,dataset,,Open data portal,active,,,,,,,"government,has_api",EN,0,0,0,,,,,
https://opendata.fcsc.gov.ae,opendatafcscgovae,UAE Open Data (Portaljs),Government of UAE,open,Central government,,,AE,dataset,,Open data portal,active,,,,,,,"government,has_api",EN,0,0,0,,,,,
https://datos.ambiente.gob.ar,datosambientegobar,Datos Abiertos de Ambiente y Desarrollo Sostenible,Ministerio de Ambiente y Desarrollo Sostenible,open,Central government,,,AR,dataset,,Open data portal,active,,,,,,,"government,has_api",ES,0,0,0,,,,,
https://datos.cultura.gob.ar,datosculturagobar,Datos abiertos de cultura,Ministerio de cultura Argentina,open,Central government,,,AR,dataset,,Open data portal,active,,,,,,,"government,has_api",ES,0,0,0,,,,,
https://datosestadistica.cba.gov.ar,datosestadisticacbagovar,Datos Abiertos Destacados,Dirección General de Estadística y Censos,open,Central government,,,AR,dataset,,Open data portal,active,,,,,,,"government,has_api",ES,0,0,0,,,,,
https://datos.magyp.gob.ar,datosmagypgobar,"Datos Agricultura, Ganaderia y Pesca","Ministerio de Agricultura, Ganadería y Pesca",open,Central government,,,AR,dataset,,Open data portal,active,,,,2.7.6,"stats, text_view, image_view, recline_grid_view, hierarchy_display, hierarchy_form, dcat, structured_data, gobar_theme, datastore, seriestiempoarexplorer, xloader, googleanalytics",soporte-datos@magyp.gob.ar,"government,has_api",ES,147,38,0,,,,,es
https://datos.minem.gob.ar,datosminemgobar,Datos Abiertos de la Secretaria de Energia,Secretaria de Energia,open,Central government,,,AR,dataset,,Open data portal,active,,,,,,,"government,has_api",ES,0,0,0,,,,,
https://datos.mininterior.gob.ar,datosmininteriorgobar,Datos Abiertos del Ministerio del Interior,Ministerio del Interior,open,Central government,,,AR,dataset,,Open data portal,active,,,,2.7.6,"stats, text_view, image_view, recline_view, hierarchy_display, hierarchy_form, dcat, structured_data, gobar_theme, datastore, datapusher, seriestiempoarexplorer, googleanalytics",abellorin@mininterior.gob.ar,"government,has_api",ES,3,13,0,,,,,es
https://www.datos.misiones.gob.ar,datosmisionesgobar,Portal de Datos Abiertos del Gobierno de Misiones,Gobierno de Misiones,open,Local government,,,AR,dataset,,Open data portal,active,,,,,,,"government,has_api",ES,0,0,0,,,,,
https://datos.yvera.gob.ar,datosyveragobar,Datos Abiertos de Turismo,Ministerio de Turismo y Deportes,open,Central government,,,AR,dataset,,Open data portal,active,,,,,,,"government,has_api",ES,0,0,0,,,,,
https://data.gv.at,datagvat,Offene Daten Österreich | data.gv.at,Government of Austria,open,Central government,,,AT,dataset,,Open data portal,active,,,,,,,"government,has_api",DE,0,0,0,,,,,
https://data.ccca.ac.at,datacccaacat,CCCA Data Server,The Climate Change Centre Austria  CCCA,"open,limited",Academy,,,AT,dataset,,Scientific data repository,active,,,,,,,"scientific,has_api",EN,0,0,0,,,,,
https://data.brisbane.qld.gov.au,databrisbaneqldgovau,Data | Brisbane City Council,Brisbane City Council,open,Local government,,,AU,dataset,,Open data portal,active,,,,,,,"government,has_api",EN,0,0,0,,,,,
https://data.datahub.freightaustralia.gov.au,datadatahubfreightaustraliagovau,National Freight Data Hub,,open,Central government,,,AU,dataset,,Open data portal,active,,,,,,,"government,has_api",EN,0,0,0,,,,,
https://data.maintenance.org.au,datamaintenanceorgau,Data - CTMTDS,,open,Academy,,,AU,dataset,,Open data portal,active,,,,,,,has_api,EN,0,0,0,,,,,
https://data.nsw.gov.au,datanswgovau,Data.NSW,,open,Regional government,,,AU,dataset,,Open data portal,active,,,,,,,"government,has_api",EN,0,0,0,,,,,
https://data.qld.gov.au,dataqldgovau,Open Data Portal | Queensland Government,,open,Regional government,,,AU,dataset,,Open data portal,active,,,,,"stats, resource_proxy, text_view, webpage_view, image_view, audio_view, video_view, datatables_view, datastore, data_qld, data_qld_google_analytics, dcat, structured_data, validation, resource_type_validation, validation_schema_generator, qgovext, report, datarequests, ytp_comments, csrf_filter, scheming_datasets, qa, archiver, harvest, ckan_harvester, resource_visibility, ssm_config, xloader, s3filestore, oidc_pkce, activity",,"government,has_api",EN,188627,0,0,,,,Open Data Portal | Queensland Government,en_AU
https://data.sa.gov.au,datasagovau,South Australian Government Data Directory,Government of South Australia,open,Regional government,,,AU,dataset,,Open data portal,active,,,,,,,"government,has_api",EN,0,0,0,,,,,
https://data.vic.gov.au,datavicgovau,Victorian Government Data Directory,State of Victoria,open,Regional government,,,AU,dataset,,Open data portal,active,,,,,,,"government,has_api",EN,0,0,0,,,,,
https://www.data.brisbane.qld.gov.au,wwwdatabrisbaneqldgovau,Data | Brisbane City Council,,open,Local government,,,AU,dataset,,Open data portal,active,,,,,,,"government,has_api",EN,0,0,0,,,,,
https://opendataprijedor.ba,opendataprijedorba,Otvoreni podaci Grada Prijedor,Grad Prijedor,open,Local government,,,BA,dataset,,Open data portal,active,,,,2.9.5,"stats, text_view, image_view, recline_view, datastore, datapusher, pages, resource_proxy, geo_view, pdf_view, webpage_view",kojicz983@gmail.com,"government,has_api",SR,190,19,17,,,,Otvoreni podaci Grada Prijedor,sr_Latn
https://dataplatformfiets.be,dataplatformfietsbe,Dataplatform fiets,,open,Academy,,,BE,dataset,,Open data portal,active,,,,,,,has_api,NL,0,0,0,,,,,
https://opendatastore.brussels,opendatastorebrussels,Brussels open datastore,,open,Local government,,,BE,dataset,,Open data portal,uncertain,,,,,,,"government,has_api",EN,0,0,0,,,,,
https://crec.bj,crecbj,The CREC Benin research data management platform,CREC Centre de Recherche d Etude et de Créativité,open,Academy,,,BJ,dataset,,Open data portal,active,,,,,,,"government,has_api",FR,0,0,0,,,,,
https://datosabiertos.lapaz.bo,datosabiertoslapazbo,Datos Abiertos Gobierno Autónomo Municipal de La Paz,Gobierno Autónomo Municipal de La Paz,open,Local government,,,BO,dataset,,Open data portal,active,,,,,,,"government,has_api",ES,0,0,0,,,,,
https://datos.gob.bo,datosgobbo,Datos Abiertos Bolivia,Government of Bolivia,open,Central government,,,BO,dataset,,Open data portal,active,,,,,,,"government,has_api",ES,0,0,0,,,,,
https://basedosdados.org,basedosdadosorg,Base dos Dados,,open,Business,,,BR,dataset,,Open data portal,active,,,,,,,has_api,PT,0,0,0,,,,,
http://catalogo.governoaberto.sp.gov.br,catalogogovernoabertospgovbr,Governo Aberto San Paulo,Governo San Paulo,open,Regional government,,,BR,dataset,,Open data portal,active,,,,,,,"government,has_api",PT,0,0,0,,,,,
https://dadosabertos.ibama.gov.br,dadosabertosibamagovbr,The Brazilian Institute for the Environment and Renewable Natural Resources (Ibama) open data,The Brazilian Institute for the Environment and Renewable Natural Resources (Ibama),open,Central government,,,BR,dataset,,Open data portal,active,,,,2.10.4,"stats, text_view, image_view, recline_view",,"government,has_api",PT,70,1,1,,,Bem-vindo ao IBAMA,IBAMA,pt_BR
https://dadosabertos.prefeitura.poa.br,dadosabertosprefeiturapoabr,Dados Abertos - POA,,open,Regional government,,,BR,dataset,,Open data portal,active,,,,,,,"government,has_api",PT,54,25,10,,,,,
https://dadosabertos.senado.gov.br,dadosabertossenadogovbr,Portal De Dados Abertos Do Senado Federal (brazil),,open,Central government,,,BR,dataset,,Open data portal,uncertain,,,,,,,"government,has_api",EN,0,0,0,,,,,
https://dadosabertos.unilab.edu.br,dadosabertosunilabedubr,Dados Abertos Unilab,,open,Academy,,,BR,dataset,,Open data portal,active,,,,,,,has_api,PT,0,0,0,,,,,
https://dados.ana.gov.br,dadosanagovbr,Portal de Dados Abertos da ANA,National Water and Basic Sanitation Agency,open,Central government,,,BR,dataset,,Open data portal,active,,,,,,,"government,has_api",PT,0,0,0,,,,,
https://dados.contraosagrotoxicos.org,dadoscontraosagrotoxicosorg,Portal de Dados Abertos Sobre Agrotóxicos,A Campanha Permanente Contra os Agrotóxicos e Pela Vida,open,Civil society,,,BR,dataset,,Open data portal,active,,,,,,,has_api,PT,0,0,0,,,,,
https://dados.cultura.gov.br,dadosculturagovbr,Portal de Dados da Cultura,Ministry of Culture Brazil,open,Central government,,,BR,dataset,,Open data portal,active,,,,2.4.0,"datastore, stats, text_view, image_view, recline_view, temacultura",,"government,has_api",PT,62,9,4,,,Inovação é a nossa Cultura,Portal de Dados da Cultura,pt_BR
https://dados.fortaleza.ce.gov.br,dadosfortalezacegovbr,Fortaleza Dados Abertos,Fortaleza,open,Local government,,,BR,dataset,,Open data portal,active,,,,2.9.2,"stats, text_view, image_view, recline_view, datastore, datapusher",,"government,has_api",PT,632,43,12,,,,Fortaleza Dados Abertos,pt_BR
https://dados.ifms.edu.br,dadosifmsedubr,Dados Abertos,,open,Academy,,,BR,dataset,,Open data portal,active,,,,,,,has_api,PT,0,0,0,,,,,
https://dados.ifmt.edu.br,dadosifmtedubr,Dados Abertos do IFMT,,open,Academy,,,BR,dataset,,Open data portal,active,,,,,,,has_api,PT,0,0,0,,,,,
https://dados.ifro.edu.br,dadosifroedubr,Dados Abertos | IFRO,,open,Academy,,,BR,dataset,,Open data portal,active,,,,,,,has_api,PT,0,0,0,,,,,
https://dados.ifsertao-pe.edu.br,dadosifsertaopeedubr,Dados Abertos IF Sertão-PE,,open,Academy,,,BR,dataset,,Open data portal,active,,,,,,,has_api,PT,0,0,0,,,,,
https://dadosjuventude.ibict.br,dadosjuventudeibictbr,dadosJuventude,,open,Academy,,,BR,dataset,,Open data portal,deprecated,,,,,,,has_api,PT,0,0,0,,,,,
https://dados.mda.gov.br,dadosmdagovbr,The Special Secretariat for Family Agriculture and Agrarian Development data portal,The Special Secretariat for Family Agriculture and Agrarian Development (Brazil),open,Central government,,,BR,dataset,,Open data portal,active,,,,,,,"government,has_api",PT,0,0,0,,,,,
https://dados.natal.br,dadosnatalbr,Portal da Transparência da Mobilidade Urbana de Natal,,open,Local government,,,BR,dataset,,Open data portal,active,,,,,,,"government,has_api",PT,0,0,0,,,,,
https://dados.pbh.gov.br,dadospbhgovbr,Belo Horizonte City Hall Open Data Portal,Belo Horizonte City Hall,open,Local government,,,BR,dataset,,Open data portal,active,,,,,,,"government,has_api",PT,0,0,0,,,,,
https://dados.prefeitura.sp.gov.br,dadosprefeituraspgovbr,Portal de Dados Abertos da Cidade de São Paulo,City of San Paulo,open,Local government,,,BR,dataset,,Open data portal,active,,,,2.7.7,"stats, text_view, image_view, resource_proxy, pdf_view, webpage_view, recline_grid_view, recline_graph_view, recline_map_view, recline_view, prodam_tema_exemplo, datastore, datapusher",,"government,has_api",PT,298,80,15,,,,Portal de Dados Abertos da Cidade de Sao Paulo,pt_BR
https://dados.recife.pe.gov.br,dadosrecifepegovbr,Portal de Dados Abertos da Cidade do Recife,City of Recife,open,Local government,,,BR,dataset,,Open data portal,active,,,,,,,"government,has_api",PT,0,0,0,,,,,
https://dados.tce.rs.gov.br,dadostcersgovbr,Dados Abertos TCE-RS,COURT OF AUDIT OF THE STATE OF RIO GRANDE DO SUL,open,Regional government,,,BR,dataset,,Open data portal,active,,,,,,,"government,has_api",PT,0,0,0,,,,,
https://dados.ufop.br,dadosufopbr,UFOP Dados Abertos,,open,Academy,,,BR,dataset,,Open data portal,active,,,,,,,has_api,PT,0,0,0,,,,,
https://dados.ufpel.edu.br,dadosufpeledubr,Dados Abertos da UFPel,,open,Academy,,,BR,dataset,,Open data portal,active,,,,2.8.6,"stats, text_view, image_view, recline_view, datastore, resource_proxy, datapusher, pdf_view",rippel@ufpel.edu.br,has_api,PT,34,9,3,,,,Dados Abertos da UFPel,pt_BR
https://dados.ufpr.br,dadosufprbr,Universidade Federal do Paraná - UFPR,,open,Academy,,,BR,dataset,,Open data portal,active,,,,,,,has_api,PT,0,0,0,,,,,
https://dados.ufrr.br,dadosufrrbr,Dados Abertos da Universidade Federal de Roraima,,open,Academy,,,BR,dataset,,Open data portal,active,,,,,,,has_api,PT,0,0,0,,,,,
https://dados.ufsm.br,dadosufsmbr,UFSM Dados aberto,,open,Academy,,,BR,dataset,,Open data portal,active,,,,,,,has_api,PT,0,0,0,,,,,
https://web.transparencia.pe.gov.br,webtransparenciapegovbr,Portal da Transparência  Governo de Pernambuco,Governo de Pernambuco,open,Regional government,,,BR,dataset,,Open data portal,active,,,,,,,"government,has_api",PT,0,0,0,,,,,
https://www.dados.univasf.edu.br,wwwdadosunivasfedubr,Dados UNIVASF,,open,Academy,,,BR,dataset,,Open data portal,active,,,,,,,has_api,PT,0,0,0,,,,,
https://www.tesourotransparente.gov.br,wwwtesourotransparentegovbr,Tesouro Nacional dados abertos,Tesouro Nacional,open,Central government,,,BR,dataset,,Open data portal,active,,,,,,,"government,has_api",PT,0,0,0,,,,,
https://www.transparencia.mg.gov.br,wwwtransparenciamggovbr,Portal da Transparência é uma iniciativa do Governo do Estado de Minas Gerais,Estado de Minas Gerais,open,Regional government,,,BR,dataset,,Open data portal,active,,,,,,,"government,has_api",EN,0,0,0,,,,,
https://canwin-datahub.ad.umanitoba.ca/data,canwindatahubadumanitobaca,Canadian Watershed Information Network,"University of Manitoba, Centre for Earth Observation Science",open,Academy,,,CA,dataset,,Open data portal,active,,,,2.10.8,"ceos_template, unim_data_dictionary, activity, dcat, structured_data, drupal_idp, harvest, citation, linechart, barchart, piechart, basicgrid, scheming_datasets, unim_scheming_organizations, scheming_nerf_index, create_typed_package, spatial_metadata, spatial_query, datastore, xloader, text_view, image_view, recline_view, datatables_view, officedocs_view, pdf_view, zip_view, recline_graph_view, recline_grid_view, webpage_view, recline_map_view, geo_view, geojson_view, resource_proxy, stats, fpx, metaexport, relationship, js_tweaks, googleanalytics, drupal_api, search_autocomplete, unim_sitemap, federated_index",,"government,has_api",EN,408,30,5,,,,Canadian Watershed Information Network,en
https://data.ontario.ca,dataontarioca,Ontario Data Catalogue,Government of Ontario,open,Regional government,,,CA,dataset,,Open data portal,active,,,,2.9.7,"ontario_theme_external, ontario_theme, validation, scheming_datasets, scheming_organizations, scheming_groups, fluent, datastore, stats, text_view, image_view, recline_view, xloader, msal",,"government,has_api",EN,2934,30,1,,,,Ontario Data Catalogue,en
https://data.open.guelph.ca,dataopenguelphca,Guelph Open Data Portal,City of Guelph,open,Local government,,,CA,dataset,,Open data portal,active,,,,,,,has_api,EN,0,0,0,,,,,
https://data.surrey.ca,datasurreyca,Surrey Open Data,City of Surrey,open,Local government,,,CA,dataset,,Open data portal,active,,,,2.8.10,"text_view, image_view, recline_view, webpage_view, resource_proxy, datastore, xloader, linechart, barchart, piechart, basicgrid, navigablemap, choroplethmap, showcase, pages, surrey, surreyfacet, surreyextrapages, pdf_view, geojson_view, wmts_view, shp_view, ytp_comments",mm.sinclair08@gmail.com,government,EN,423,1,12,,,,City of Surrey Open Data Catalogue,en
https://data.trca.ca,datatrcaca,Toronto and Region Conservation Authority (TRCA) open data,Toronto and Region Conservation Authority (TRCA),open,Local government,,,CA,dataset,,Open data portal,active,,,,,,,"government,has_api",EN,19,0,0,,,,,
https://open.canada.ca,opencanadaca,Open Government Portal,Government of Canada,open,Central government,,,CA,dataset,,Open data portal,active,,,,,,,"government,has_api",EN,0,0,0,,,,,
http://opencaribbean.org,opencaribbeanorg,openCARIBBEAN,Caribbean Open Institute,open,Civil society,,,Caribbean,dataset,,Open data portal,active,,,,,,,has_api,EN,0,0,0,,,,,
https://datosretc.mma.gob.cl,datosretcmmagobcl,El Registro de Emisiones y Transferencias de Contaminantes (RETC),Ministerio del Medio Ambiente,open,Central government,,,CL,dataset,,Open data portal,active,,,,,"pages, activity, datastore",,"government,has_api",ES,16,1,6,,,Open Data,RETC,es
https://datosabiertos.bogota.gov.co,datosabiertosbogotagovco,Datos Abiertos Bogotá,City of Bogota,open,Local government,,,CO,dataset,,Open data portal,active,,,,,,,"government,has_api",ES,0,0,0,,,,,
https://datos.cali.gov.co,datoscaligovco,Datos Abiertos Cali,City of Cali,open,Local government,,,CO,dataset,,Open data portal,active,,,,2.10.4,"activity, datastore, datapusher, stats, text_view, image_view, resource_proxy, recline_view, recline_grid_view, recline_graph_view, recline_map_view, pages, googleanalytics, report, datic, rating, jsonfederado",,"government,has_api",ES,665,30,24,,,,Datos Abiertos Cali,es
http://data.mmr.cz,datammrcz,The Ministry of Regional Development of the Czech Republic open data portal,The Ministry of Regional Development of the Czech Republic,open,Central government,,,CZ,dataset,,Open data portal,active,,,,,,,"government,has_api",CZ,0,0,0,,,,,
https://opendata.mzcr.cz,opendatamzcrcz,Katalog otev?ených dat Ministerstvo zdravotnictví ?eské republiky,Ministerstvo zdravotnictví ?eské republiky,open,Central government,,,CZ,dataset,,Open data portal,active,,,,,,,"government,has_api",CZ,0,0,0,,,,,
https://opendata.mzp.cz,opendatamzpcz,Otev?ená data resortu ivotního prost?edí,Ministerstvo ivotního prost?edí,open,Central government,,,CZ,dataset,,Open data portal,active,,,,,,,"government,has_api",CZ,0,0,0,,,,,
https://ckan.geonet-mrn.de,ckangeonetmrnde,GeoNet-MRN,Metropolregion Rhein-Neckar,open,Local government,,,DE,dataset,,Open data portal,active,,,,,,,has_api,DE,0,0,0,,,,,
https://data.deutschebahn.com,datadeutschebahncom,Das Datenportal der Deutschen Bahn AG.,Deutschen Bahn AG,open,Business,,,DE,dataset,,Open data portal,active,,,,,,,has_api,DE,0,0,0,,,,,
https://datenregister.berlin.de,datenregisterberlinde,Datenregister Berlin,Berlin Government,closed,Local government,,,DE,dataset,,Open data portal,active,,,,,,,"government,has_api",DE,2660,55,25,,,,,
https://daten.rlp.de,datenrlpde,Über Open Data Plattform Rheinland-Pfalz,Government of Rheinland-Pfalz,open,Regional government,,,DE,dataset,,Open data portal,active,,,,,,,has_api,DE,0,0,0,,,,,
https://govdata.de,govdatade,Das Datenportal für Deutschland Open Government,FITKO (Föderale IT-Kooperation),open,Central government,,,DE,dataset,,Open data portal,active,,,,,,,"government,has_api",DE,0,0,0,,,,,
https://offenedaten.frankfurt.de,offenedatenfrankfurtde,Offene Daten Portal der Stadt Frankfurt/Main,Stadt Frankfurt/Main,open,Local government,,,DE,dataset,,Open data portal,active,,,,,,,"government,has_api",DE,0,0,0,,,,,
https://www.opendata-hro.de,wwwopendatahrode,OpenData.HRO,Universitätsstadt Rostock,open,Academy,,,DE,dataset,,Open data portal,active,,,,2.9.5,"datastore, datatables_view, dcat, dcat_json_interface, geojson_view, harvest, hro_dcatapde, hro_theme, resource_proxy, spatial_metadata, spatial_query, stats",,has_api,DE,279,6,14,,,OpenData.HRO,OpenData.HRO,de
https://data.kk.dk,datakkdk,Copenhagen Data,,open,Local government,,,DK,dataset,,Open data portal,uncertain,,,,,,,"government,has_api",EN,0,0,0,,,,,
https://dataportal.geofyn.dk,dataportalgeofyndk,Geo Fyn,,open,Government,,,DK,dataset,,Open data portal,active,,,,,,,"government,has_api",DA,0,0,0,,,,,
https://datasets.catalogue.data.gov.dk,datasetscataloguedatagovdk,Digitaliseringsstyrelsen,,open,Central government,,,DK,dataset,,Open data portal,uncertain,,,,,,,"government,has_api",DA,0,0,0,,,,,
https://datos.gob.do,datosgobdo,Datos Abiertos Dominicana,Government of Dominicana,open,Central government,,,DO,dataset,,Open data portal,active,,,,2.11.3,"activity, datosgobdo_theme",,"government,has_api",ES,1014,264,12,,,,Portal de Datos Abiertos de la RD,es
https://catalogo.datosabiertos.gob.ec,catalogodatosabiertosgobec,Datos Abiertos Ecuador,Gobierno del Ecuador,open,Central government,,,EC,dataset,,Open data portal,active,,,,,,,"government,has_api",ES,0,0,0,,,,,
https://datosabiertos.gob.ec,datosabiertosgobec,datosabiertos.gob.ec,,open,Central government,,,EC,dataset,,Open data portal,active,,,,,,,"government,has_api",ES,0,0,0,,,,,
http://op.espoch.edu.ec,opespocheduec,Escuela Superior Politécnica de Chimborazo open data,Escuela Superior Politécnica de Chimborazo,open,Academy,,,EC,dataset,,Open data portal,active,,,,,,,"government,has_api",ES,0,0,0,,,,,
https://sil.eloro.gob.ec,silelorogobec,Sistema de Información Local Gobierno Autónomo Descentralizado Provincial de El Oro,Gobierno Autónomo Descentralizado Provincial de El Oro,open,Regional government,,,EC,dataset,,Open data portal,active,,,,,,,"government,has_api",ES,0,0,0,,,,,
http://sil.loja.gob.ec,sillojagobec,Sistema de Información Local Municipal de Loja,Municipal de Loja,open,Local government,,,EC,dataset,,Open data portal,active,,,,,,,"government,has_api",ES,0,0,0,,,,,
http://datosabiertos.fuengirola.es,datosabiertosfuengirolaes,Portal datos abiertos el Ayuntamiento de Fuengirola,El Ayuntamiento de Fuengirola,open,Local government,,,ES,dataset,,Open data portal,active,,,,,,,has_api,ES,0,0,0,,,,,
http://datosabiertos.laspalmasgc.es,datosabiertoslaspalmasgces,Portal de Datos Abiertos Las Palmas de Gran Canaria,Las Palmas de Gran Canaria,open,Local government,,,ES,dataset,,Open data portal,active,,,,,,,government,ES,0,0,0,,,,,
http://datosabiertos.navarra.es,datosabiertosnavarraes,Datos Abiertos Navarra,Gobierno Abierto de Navarra,open,Regional government,,,ES,dataset,,Open data portal,active,,,,,,,"government,has_api",ES,0,0,0,,,,,
https://datosabiertos.rivasciudad.es,datosabiertosrivasciudades,Ayuntamiento de Rivas Vaciamadrid - Portal de Datos Abiertos,Ayuntamiento de Rivas Vaciamadrid,open,Local government,,,ES,dataset,,Open data portal,active,,,,,"stats, text_view, image_view, recline_view, datastore, resource_proxy, recline_graph_view, recline_grid_view, recline_map_view, webpage_view, scheming_datasets, harvest, ckan_harvester, structured_data, spatial_metadata, spatial_query, geo_view, multilingual_dataset, multilingual_group, multilingual_tag, csw_harvester, scheming_groups, scheming_organizations, rivas, xloader, linechart, barchart, piechart, dashboard_preview",,has_api,ES,7,1,13,,,Portal de Datos Abiertos de RIVAS,RIVAS,es
http://datosabiertos.sevilla.org,datosabiertossevillaorg,Datos Abiertos Sevilla,Ayuntamiento de Sevilla,open,Local government,,,ES,dataset,,Open data portal,active,,,,,,,"government,has_api",ES,0,0,0,,,,,
https://datos.aytolalaguna.es,datosaytolalagunaes,OpenData San Cristóbal de La Laguna,Ayntamiento San Cristóbal de La Laguna,open,Local government,,,ES,dataset,,Open data portal,deprecated,,,,,,,has_api,ES,0,0,0,,,,,
http://datos.canarias.es,datoscanariases,Datos Abiertos de Canarias,Gobierno de Canarias,open,Regional government,,,ES,dataset,,Open data portal,active,,,,,,,"government,has_api",ES,0,0,0,,,,,
https://datos.icane.es,datosicanees,atálogo de Información Estadística Pública de la Comunidad Autónoma de Cantabria,Comunidad Autónoma de Cantabria,open,Regional government,,,ES,dataset,,Open data portal,active,,,,2.11.3,"image_view, text_view, datatables_view, datastore, datapusher, envvars, dcat, federgob",,has_api,ES,255,1,14,,,,Portal Open Data ICANE,es
https://datos.santander.es,datossantanderes,Datos Abiertos Santander,Santander,open,Local government,,,ES,dataset,,Open data portal,active,,,,,,,has_api,EN,0,0,0,,,,,
https://opendata-ajuntament.barcelona.cat,opendataajuntamentbarcelonacat,Open Data Barcelona,Ajuntament de Barcelona,open,Local government,,,ES,dataset,,Open data portal,active,,,,,,,"government,has_api",EN,0,0,0,,,,,
https://opendata.alcoi.org,opendataalcoiorg,Datos abiertos e información interesante de Alcoy,Ayntamient d Alcoi,open,Local government,,,ES,dataset,,Open data portal,active,,,,,,,"government,has_api",EN,0,0,0,,,,,
http://opendata.ayto-caceres.es,opendataaytocacereses,OpenData Cáceres,Ayto Caceres,open,Local government,,,ES,dataset,,Open data portal,active,,,,2.7.4,"stats, text_view, image_view, opendatacc, recline_view, resource_proxy, geojson_view, dcat, federgob",,"has_api,government",EN,131,2,0,,,,OpenData Cáceres,en
https://www.juntadeandalucia.es/datosabiertos/portal,wwwjuntadeandaluciaes,Datos Abiertos Junta de Andalucia,Junta de Andalucia,open,Regional government,,,ES,dataset,,Open data portal,active,,,,2.10.1,"envvars, activity, stats, text_view, image_view, recline_view, recline_map_view, recline_grid_view, recline_graph_view, datastore, datapusher, resource_proxy, harvest, ckan_harvester, dcat, dcat_json_interface, dcat_rdf_harvester, structured_data, federator_view, jda, openapi_view, geo_view",,has_api,ES,812,100,0,,,,Portal de datos abiertos,es
https://catalogue.nextgeoss.eu,cataloguenextgeosseu,NextGeoss Data Catalogue,NextGEOSS,open,Academy,,,EU,dataset,,Open data portal,uncertain,,,,,,,has_api,EN,0,0,0,,,,,
https://ckan.pearlpv-cost.eu,ckanpearlpvcosteu,Pearl PV CKAN Repository,Performance and Reliability of Photovoltaic Systems. Evaluations of Large-Scale Monitoring Data,open,Academy,,,EU,dataset,,Open data portal,active,,,,2.8.3,"stats, text_view, image_view, recline_view, pdf_view, datastore, datapusher, scheming_datasets, pearlpv_theme, spatial_metadata, spatial_query",,has_api,EN,4,8,1,,,,Pearl PV CKAN Repository,en
https://data.edincubator.eu,dataedincubatoreu,EDI Data Catalogue,European Data Incubator,open,Academy,,,EU,dataset,,Open data portal,active,,,,,,,has_api,EN,0,0,0,,,,,
https://data.anaee.eu,dataanaeeeu,Analysis and experimentation on ecosystems data portal,Analysis and experimentation on ecosystems EU Project,open,Academy,,,EU,dataset,,Scientific data repository,active,,,,,,,"government,has_api",EN,0,0,0,,,,,
https://avoindata.fi,avoindatafi,Avoindata.fi,Verkkopalvelun kehittämisestä vastaa,open,Central government,,,FI,dataset,,Open data portal,active,,,,,,,"government,has_api",FI,0,0,0,,,,,
https://data.fingrid.fi,datafingridfi,Fingridin avoin data,Fingrid,open,Central government,,,FI,dataset,,Open data portal,active,,,,,,,"government,has_api",FI,0,0,0,,,,,
https://data.tampere.fi,datatamperefi,Tampereen kaupungin dataportaali,Tampere,open,Local government,,,FI,dataset,,Open data portal,active,,,,,,,"government,has_api",FI,0,0,0,,,,,
https://hri.fi,hrifi,Helsinki Region Infoshare,Helsinki Region,open,Local government,,,FI,dataset,,Open data portal,active,,,,,,,"government,has_api",FI,0,0,0,,,,,
https://data.agglo-royan.fr,dataaggloroyanfr,Open Data CARA,,open,Community,,,FR,dataset,,Open data portal,active,,,,2.10.5,"stats, text_view, image_view, recline_grid_view, recline_graph_view, pdf_view, dcat, dcat_rdf_harvester, dcat_json_harvester, dcat_json_interface, datastore, datapusher, harvest, ckan_harvester, themeCara, activity, oidc_pkce",,has_api,FR,10,2,7,,,,Open Data CARA,fr
https://data.agriculturelittorale.fr,dataagriculturelittoralefr,data.agriculturelittorale.fr,,open,Academy,,,FR,dataset,,Open data portal,active,,,,,,,has_api,EN,0,0,0,,,,,
https://nosdonnees.fr,nosdonneesfr,NosDonnées.fr,,open,Civil society,,,FR,dataset,,Open data portal,deprecated,,,,,,,has_api,FR,0,0,0,,,,,
https://opendata.abbeville.fr,opendataabbevillefr,ODAF - OpenData.Abbeville.Fr,City of Abbeville,open,Local government,,,FR,dataset,,Open data portal,active,,,,,,,"government,has_api",FR,0,0,0,,,,,
https://opendata.adico.fr,opendataadicofr,Une plateforme. Open data. Pour vous.,Adico,open,Business,,,FR,dataset,,Open data portal,active,,,,,,,has_api,FR,0,0,0,,,,,
https://opendata.hautsdefrance.fr,opendatahautsdefrancefr,OPEN DATA Hauts-de-France,Région Hauts-de-France,open,Regional government,,,FR,dataset,,Open data portal,uncertain,,,,,,,"government,has_api",FR,0,0,0,,,,,
https://opendata.ozwillo.com,opendataozwillocom,Ozwillo - Open Data,,open,Business,,,FR,dataset,,Open data portal,active,,,,,,,has_api,FR,0,0,0,,,,,
https://trouver.datasud.fr,trouverdatasudfr,DATA SUD,Region Sud,open,Regional government,,,FR,dataset,,Open data portal,active,,,,,,,"government,has_api",FR,0,0,0,,,,,
https://www.geo2france.fr,wwwgeo2francefr,Data Hauts-de-France,,open,Community,,,FR,dataset,,Open data portal,deprecated,,,,,,,has_api,FR,0,0,0,,,,,
https://www.pigma.org,wwwpigmaorg,Data Nouvelle-Aquitaine,,open,Regional government,,,FR,dataset,,Open data portal,deprecated,,,,,,,"government,has_api",FR,0,0,0,,,,,
https://ckan.cabi.org,ckancabiorg,CABI Data Repository,CABI,open,Academy,,,GB,dataset,,Open data portal,active,,,,,,,has_api,EN,0,0,0,,,,,
https://ckan.publishing.service.gov.uk,ckanpublishingservicegovuk,Data.gov.uk CKAN data portal,Government of United Kingdom,open,Central government,,,GB,dataset,,Open data portal,active,,,,,,,"government,has_api",EN,56454,1475,0,,,,,
https://data.gov.uk,datagovuk,UK Open data portal,Government of United Kingdom,open,Central government,,,GB,dataset,,Open data portal,active,,,,,,,"government,has_api",EN,56454,1475,0,,,,,
http://dartportal.leeds.ac.uk,dartportalleedsacuk,The Detection of Archaeological Residues using Remote-sensing Techniques (DART) data portal,University of Leeds,open,Academy,,,GB,dataset,,Open data portal,active,,,,,,,has_api,EN,0,0,0,,,,,
https://data.barrowbc.gov.uk,databarrowbcgovuk,Barrow Borough Council Data Portal,Barrow Borough Council,open,Local government,,,GB,dataset,,Open data portal,active,,,,,,,"government,has_api",EN,0,0,0,,,,,
https://www.cityobservatory.birmingham.gov.uk,cityobservatorybirminghamgovuk,Birmingham City Observatory,Birmingham City,open,Local government,,,GB,dataset,,Open data portal,active,,,,,,,"government,has_api",EN,0,0,0,,,,,
https://data.bris.ac.uk/data/,databrisacuk,University of Bristol. Research Data Repository,University of Bristol,open,Academy,,,GB,dataset,,Open data portal,active,,,,2.7.5,"stats, text_view, image_view, recline_view, databris_ui",,has_api,EN,74069,6,6,,,,data.bris,en_GB
https://data.england.nhs.uk,dataenglandnhsuk,NHS England Data Catalogue,National health service of England,open,Regional government,,,GB,dataset,,Open data portal,active,,,,,,,"government,has_api",EN,0,0,0,,,,,
https://data.glasgow.gov.uk,dataglasgowgovuk,Open Data Glasgow,City of Glasgow,open,Local government,,,GB,dataset,,Open data portal,active,,,,,,,"government,has_api",EN,0,0,0,,,,,
https://data.london.gov.uk,datalondongovuk,London Datastore,City of London,open,Local government,,,GB,dataset,,Open data portal,uncertain,,,,datapress,datapress,admin@datapress.com,"government,has_api",EN,1269,0,0,,,,London Datastore,None
https://dataworks.calderdale.gov.uk,dataworkscalderdalegovuk,Calderdale Data Works,Calderdale Council,open,Local government,,,GB,dataset,,Open data portal,active,,,,datapress,datapress,admin@datapress.com,"government,has_api",EN,262,0,0,,,,Calderdale Data Works,None
https://leedsdatamill.org,leedsdatamillorg,Data Mill North,Leeds City Council,open,Local government,,,GB,dataset,,Open data portal,active,,,,datapress,datapress,admin@datapress.com,has_api,EN,644,0,0,,,,Data Mill North,None
https://publications.aberdeenshire.gov.uk,publicationsaberdeenshiregovuk,Publications - Aberdeenshire Council,Aberdeenshire Council,open,Local government,,,GB,dataset,,Open data portal,active,,,,,,,"government,has_api",EN,0,0,0,,,,,
http://116.203.208.239,sthelenadataportal,Government of St. Helena data portal,Government of St. Helena,open,Local government,,,GB,dataset,,Open data portal,active,,,,,,,"government,has_api",EN,0,0,0,,,,,
https://www.opendatani.gov.uk,wwwopendatanigovuk,Open Data NI,Digital NI,open,Central government,,,GB,dataset,,Open data portal,deprecated,,,,,,,"government,has_api",EN,0,0,0,,,,,
https://data.aberdeencity.gov.uk,dataaberdeencitygovuk,Open Data Aberdeen,,open,Local government,,,GB,dataset,,Open data portal,active,,,,,,,"government,has_api",EN,0,0,0,,,,,
https://data.pkc.gov.uk,datapkcgovuk,Perth and Kinross - Open Data,Perth and Kinross,open,Local government,,,GB,dataset,,Open data portal,active,,,,,,,"government,has_api",EN,0,0,0,,,,,
https://find.researchdata.scot,findresearchdatascot,Research Data Scotland data catalog,Research Data Scotland,open,Academy,,,GB,dataset,,Open data portal,active,,,,,,,"government,has_api",EN,0,0,0,,,,,
https://opendata.angus.gov.uk,opendataangusgovuk,Angus Open Data Hub,Angus Council,open,Local government,,,GB,dataset,,Open data portal,active,,,,2.10.8,"activity, datastore, xloader, resource_proxy, geo_view, geojson_view, datatables_view, pdf_view, text_view, image_view",,"government,has_api",EN,34,5,0,,,,Angus Council Open Data,en
https://dataportal.gov.tc,dataportalgovtc,Turks and Caicos Data Portal,,open,Central government,,,GB,dataset,,Open data portal,active,,,,,,,"government,has_api",EN,0,0,0,,,,,
https://opendata.datahub.io,opendatadatahubio,Datopian Open Data,Datopian,open,Business,,,GB,dataset,,Open data portal,active,,,,,,,"government,has_api",EN,0,0,0,,,,,
https://geodata.gov.gr,geodatagovgr,GEODATA.gov.gr,IMIS/Athena RC,open,Central government,,,GR,dataset,,Open data portal,active,,,,,,,"government,has_api",EL,0,0,0,,,,,
http://www.opendatacorfu.gr,opendatacorfu,Open Data Corfu,Municipality of Corfu,open,Local government,,,GR,dataset,,Open data portal,active,,,,,,,"government,has_api",EL,0,0,0,,,,,
https://repository.data.gov.gr,repository.datagovgr,Data.gov.gr,Greece Ministry of digital,open,Central government,,,GR,dataset,,Open data portal,active,,,,,,,"government,has_api",EL,0,0,0,,,,,
https://datosabiertos.mineduc.gob.gt,datosabiertosmineducgobgt,Portal de Datos Abiertos del Ministerio de Educación de Guatemala,del Ministerio de Educación de Guatemala,open,Central government,,,GT,dataset,,Open data portal,deprecated,,,,,,,"government,has_api",ES,0,0,0,,,,,
https://datos.minfin.gob.gt,datosminfingobgt,Datos Abiertos Ministerio de Finanzas Públicas Guatemala,Ministerio de Finanzas Públicas,open,Central government,,,GT,dataset,,Open data portal,uncertain,,,,,,,"government,has_api",ES,0,0,0,,,,,
https://data.gov.hk,datagovhk,DATA.GOV.HK,"Office of the Government Chief Information Officer, Hong Kong",open,Central government,,,HK,dataset,,Open data portal,uncertain,,,,,,,"government,has_api",EN,0,0,0,,,,,
https://data.gov.hr,datagovhr,Croatia Open Data Portal,Government of the Republic of Croatia,open,Central government,,,HR,dataset,,Open data portal,active,,,,,,,"government,has_api",EN,0,0,0,,,,,
https://ckan.jombangkab.go.id,ckanjombangkabgoid,Open Data Jombang,Jombang Regency,open,Regional government,,,ID,dataset,,Open data portal,active,,,,,,,"government,has_api",ID,0,0,0,,,,,
https://data.balikpapan.go.id,databalikpapangoid,Satu Data Balikpapan,Balikpapan City,open,Local government,,,ID,dataset,,Open data portal,active,,,,2.8.3,"stats, text_view, image_view, officedocs_view, recline_view, webpage_view, datastore, spatial_metadata, spatial_query, harvest, ckan_harvester, csw_harvester, waf_harvester, doc_harvester, resource_proxy, geo_view, geojson_view, wmts_view, shp_view, datapusher, ags_fs_view, ags_ms_view, pdf_view, pages, onedataportal, issues, privatedatasets, scheming_datasets, repeating, composite, validation, navigablemap, choroplethmap, linechart, barchart, piechart, basicgrid",admin@data.balikpapan.go.id,"government,has_api",ID,537,39,11,,,,Satu Data Balikpapan,id
https://data.cilacapkab.go.id,datacilacapkabgoid,Portal Data Terpadu Kabupaten Cilacap,Cilacap Regency,open,Local government,,,ID,dataset,,Open data portal,active,,,,,,,"government,has_api",ID,0,0,0,,,,,
https://data.halmaherautarakab.go.id,datahalmaherautarakabgoid,SATUDATA Halmahera Utara,North Halmahera Regency,open,Regional government,,,ID,dataset,,Open data portal,active,,,,,,,"government,has_api",EN,0,0,0,,,,,
https://data.mempawahkab.go.id,datamempawahkabgoid,Bank Oneda Mempawah,Mempawah Regency,open,Local government,,,ID,dataset,,Open data portal,active,,,,,,,"government,has_api",EN,0,0,0,,,,,
https://data.pemalangkab.go.id,datapemalangkabgoid,Open Data Kabupaten Pemalang,Pemalang Regency,open,Local government,,,ID,dataset,,Open data portal,active,,,,,,,"government,has_api",ID,0,0,0,,,,,
https://data.pontianakkota.go.id,datapontianakkotagoid,SATU DATA KOTA PONTIANAK,,open,Government,,,ID,dataset,,Open data portal,active,,,,,,,"government,has_api",EN,0,0,0,,,,,
https://data.wonogirikab.go.id,datawonogirikabgoid,PORTAL DATA KABUPATEN WONOGIRI,Wonogiri Regency,open,Local government,,,ID,dataset,,Open data portal,active,,,,,,,"government,has_api",EN,0,0,0,,,,,
https://katalog.data.go.id,katalogdatagoid,Portal Satu Data Indonesia,,open,Central government,,,ID,dataset,,Open data portal,active,,,,,,,"government,has_api",ID,0,0,0,,,,,
http://opendata.semarangkota.go.id,opendatasemarangkotagoid,Portal Satu Data Indonesia Tingkat Kota Semarang,PEMERINTAH KOTA SEMARANG,open,Local government,,,ID,dataset,,Open data portal,active,,,,,,,"government,has_api",EN,27066,60,13,,,,,
https://data.ehealthireland.ie,dataehealthirelandie,Ireland Health Open Data,eHealth Ireland,open,Central government,,,IE,dataset,,Open data portal,active,,,,,,,"government,has_api",EN,0,0,0,,,,,
https://datacity.jerusalem.muni.il,datacityjerusalemmuniil,The Data City-Jerusalem,City of Jerusalem,open,Local government,,,IL,dataset,,Open data portal,active,,,,,,,"government,has_api",HE,0,0,0,,,,,
https://data.gov.il,datagovil,Data Gov Il,Government of Israel,open,Central government,,,IL,dataset,,Open data portal,active,,,,,,,"government,has_api",EN,1182,62,2,,,,,
https://opendata.br7.org.il,opendatabr7orgil,???? ??? ???,,open,Civil society,,,IL,dataset,,Open data portal,active,,,,,,,has_api,HE,0,0,0,,,,,
https://datasets.fieldsofview.in,datasetsfieldsofviewin,Fields of View Data Repository,,open,Civil society,,,IN,dataset,,Open data portal,active,,,,,,,has_api,EN,0,0,0,,,,,
https://iranopendata.org,iranopendataorg,iranopendata.org,,open,Civil society,,,IR,dataset,,Open data portal,active,,,,,,,has_api,"IR,EN",0,0,0,,,,,
https://opingogn.is,opingognis,Opin gögn,Digital Iceland,open,Central government,,,IS,dataset,,Open data portal,active,,,,,,,"government,has_api",IS,0,0,0,,,,,
http://daten.buergernetz.bz.it,datenbuergernetzbzit,Open Data Portal South Tyrol,City South Tyrol,open,Local government,,,IT,dataset,,Open data portal,active,,,,2.10.7,"stats, resource_proxy, pdf_view, text_view, image_view, recline_view, datatables_view, provbz, provbz_auth, activity, harvest, ckan_harvester, spatial_metadata, spatial_query, dcat, dcat_json_interface, structured_data, multilang, multilang_harvester, multilang_resources, dcatapit_pkg, dcatapit_org, dcatapit_config, dcatapit_vocabulary, dcatapit_harvester, dcatapit_csw_harvester, dcatapit_harvest_list, geonetwork_harvester, provbz_harvester, categorie, pages",,has_api,IT,821,32,17,,,Open The Public Administration,Open Data Portal South Tyrol,it
https://dati.anticorruzione.it,datianticorruzioneit,Portale dei dati aperti dellAutorità Nazionale Anticorruzione,Autorità Nazionale Anticorruzione,open,Central government,,,IT,dataset,,Open data portal,active,,,,,,,"government,has_api",IT,0,0,0,,,,,
https://dati.comune.matera.it,daticomunematerait,OpenData Matera,Comune di Matera,open,Local government,,,IT,dataset,,Open data portal,active,,,,2.6.2,"resource_proxy, geojson_view, geo_view, stats, webpage_view, text_view, image_view, recline_view, dcat, dcat_rdf_harvester, dcat_json_harvester, dcat_json_interface, dcatapit_pkg, dcatapit_org, dcatapit_config",,"government,has_api",IT,250,2,13,,,Catalogo dei Dati Aperti,OpenData Matera,it
https://dati.comune.milano.it,daticomunemilanoit,OpenData Milano,Comune di Milano,open,Local government,,,IT,dataset,,Open data portal,active,,,,2.8.7,"recline_graph_view, stats, text_view, image_view, recline_view, dcat, dcat_rdf_harvester, dcat_json_harvester, dcat_json_interface, harvest, ckan_harvester, dcatapit_pkg, datastore, datapusher, milan_theme, milan_routes, createbulkdataset, createbulkdataset_routes, dcatapit_org, dcatapit_config, structured_data, webpage_view, recline_map_view, geo_view, geojson_view, shp_view, dcatapit_theme_group_mapper",,"government,has_api",IT,2573,1,13,,,Catalogo dei dati aperti del comune di Milano.,Open Data - Comune di Milano,it
https://dati.gov.it,datigovit,dati.gov.it i dati aperti della pubblica amministrazione,Agenzia per l Italia digitale,open,Central government,,,IT,dataset,,Open data portal,active,,,,,,,"government,has_api",IT,0,0,0,,,,,
https://dati.lazio.it,datilazioit,Regione Lazio Open Data,Government of Regione Lazio,open,Regional government,,,IT,dataset,,Open data portal,active,,,,,,,"government,has_api",IT,0,0,0,,,,,
https://dati.mit.gov.it,datimitgovit,Open Data - Ministero delle infrastrutture e dei trasporti,Ministero delle infrastrutture e dei trasporti,open,Central government,,,IT,dataset,,Open data portal,active,,,,,,,"government,has_api",IT,0,0,0,,,,,
http://dati.provincia.pistoia.it,datiprovinciapistoiait,dati.gov.it i dati aperti della pubblica amministrazione,Provincia di Pistoia,open,Regional government,,,IT,dataset,,Open data portal,active,,,,,,,"government,has_api",IT,0,0,0,,,,,
https://dati.puglia.it,datipugliait,Regione Puglia Open Data,Government of Regione Puglia,open,Regional government,,,IT,dataset,,Open data portal,active,,,,,,,"government,has_api",IT,0,0,0,,,,,
https://dati.regione.sicilia.it,datiregionesiciliait,Open Data Regione Siciliana,Regione Siciliana,open,Regional government,,,IT,dataset,,Open data portal,active,,,,,,,"government,has_api",IT,0,0,0,,,,,
https://dati.trentino.it,datitrentinoit,Dati Trentino,,open,Local government,,,IT,dataset,,Open data portal,active,,,,2.5.2,"status_reports, report, datastore, datapusher, harvest, ckan_harvester, spatial_metadata, spatial_query, csw_harvester, stats, text_view, image_view, recline_view, pdf_view, geonetwork_harvester, multilang, multilang_harvester, datitrentinoit, statwebpro_harvester, statwebsubpro_harvester, csw_tn_harvester, showcase, dcat, dcat_rdf_harvester, dcat_json_harvester, dcat_json_interface, dcatapit_pkg, dcatapit_org, dcatapit_config, dcatapit_harvester, external_resource_list, dcatapit_theme_group_mapper, dcatapit_ckan_harvester, shibboleth",test_debug@dati.trentino.it,"government,has_api",IT,2340,206,13,,,Portale federato degli open data del Trentino,Dati Trentino,it
https://dati.unionevallesavio.it,datiunionevallesavioit,Unione dei Comuni Valle del Savio Data catalog,Unione dei Comuni Valle del Savio,open,Local government,,,IT,dataset,,Open data portal,active,,,,,,,"government,has_api",IT,0,0,0,,,,,
https://indicepa.gov.it/ipa-dati,indicepagovit,Opendata IPA,Agenzia per l Itale Digitale,open,Central government,,,IT,dataset,,Open data portal,active,,,,2.9.8,"stats, resource_proxy, text_view, image_view, recline_view, datastore, xloader, harvest, ckan_harvester, dcat, dcat_rdf_harvester, dcat_json_harvester, dcat_json_interface, structured_data, dcatapit_pkg, dcatapit_org, dcatapit_config, dcatapit_subcatalog_facets, dcatapit_theme_group_mapper, dcatapit_vocabulary, multilang, multilang_harvester, resource_list, get_old_resource",,"government,has_api",IT,27,1,4,,,Opendata dell'Indice delle Pubbliche Amministrazioni,Opendata IPA,it
https://opendata.comune.bari.it,opendatacomunebariit,Opendata Comune di Bari,Comune di Bari,open,Local government,,,IT,dataset,,Open data portal,active,,,,,,,"government,has_api",IT,0,0,0,,,,,
https://opendata.comune.fano.pu.it,opendatacomunefanopuit,Opendata Comune di Fano,Comune di Fano,open,Local government,,,IT,dataset,,Open data portal,active,,,,2.8.1,"stats, text_view, image_view, recline_view, datastore, fano_theme, datapusher, spatial_metadata, spatial_query, geonetwork_harvester, harvest, ckan_harvester",,"government,has_api",IT,36,1,0,,,,GoOD PA Regione Marche - Comune di Fano,it
https://opendata.comune.parma.it,opendatacomuneparmait,Opendata del Comune di Parma,Comune di Parma,open,Local government,,,IT,dataset,,Open data portal,active,,,,,,,"government,has_api",IT,68,0,12,,,,,
https://opendata.euroinfosicilia.it,opendataeuroinfosiciliait,OpenData EuroInfoSicilia,OpenData EuroInfoSicilia,open,Local government,,,IT,dataset,,Open data portal,active,,,,2.10.3,"envvars, image_view, text_view, recline_view, datastore, datapusher",,has_api,IT,92,1,13,,,,OpenData EuroInfoSicilia,en
http://opendata.regione.sardegna.it,opendataregionesardegnait,OpenData Sardegna,Regione di Sardegna,open,Regional government,,,IT,dataset,,Open data portal,active,,,,,,,"government,has_api",IT,0,0,0,,,,,
https://rciims.mona.uwi.edu,rciimsmonauwiedu,The Regional Coastal Integrated Information Management System (RCIIMS),The University of the West Indies,open,Academy,,,JM,dataset,,Scientific data repository,active,,,,,,,"government,has_api",EN,0,0,0,,,,,
https://madih.hu.edu.jo,madihhuedujo,MaDiH statistics,The Hashemite University,open,Academy,,,JO,dataset,,Open data portal,active,,,,,,,"government,has_api",AR,0,0,0,,,,,
https://ckan.pref.shizuoka.jp,ckanprefshizuokajp,Open Data Catalog Shizuoka,Prefectura Shizuoka,open,Regional government,,,JP,dataset,,Open data portal,active,,,,,,,"government,has_api",JA,0,0,0,,,,,
https://data.city.mihara.hiroshima.jp,datacitymiharahiroshimajp,Mihara City Open Data Portal,Mihara City,open,Local government,,,JP,dataset,,Open data portal,active,,,,,,,"government,has_api",JA,0,0,0,,,,,
https://data.city.osaka.lg.jp,datacityosakalgjp,Open Data Osaka,City of Osaka,open,Local government,,,JP,dataset,,Open data portal,active,,,,,,,"government,has_api",JA,0,0,0,,,,,
https://data.city.tendo.yamagata.jp,datacitytendoyamagatajp,Tendo City open data,Tendo City,open,Local government,,,JP,dataset,,Open data portal,active,,,,,,,"government,has_api",JA,0,0,0,,,,,
https://data.city.utsunomiya.tochigi.jp,datacityutsunomiyatochigijp,Utsunomiya City Open Data Portal,Utsunomiya City,open,Local government,,,JP,dataset,,Open data portal,active,,,,,,,"government,has_api",JA,0,0,0,,,,,
https://data.e-gov.go.jp,dataegovgojp,Japan e-gov data portal,Japan Digital Agency,open,Central government,,,JP,dataset,,Open data portal,active,,,,,,,"government,has_api",EN,0,0,0,,,,,
https://data.env.go.jp,dataenvgojp,???????????,,open,Central government,,,JP,dataset,,Open data portal,active,,,,,,,"government,has_api",JA,0,0,0,,,,,
https://portal.data.metro.tokyo.lg.jp,datametrotokyolgjp,Tokyo open data,Tokyo Metropolitan Government,open,Regional government,,,JP,dataset,,Open data portal,active,,,,,,,"government,has_api",JA,0,0,0,,,,,
https://opendata.lisra.jp,opendatalisrajp,opendata Lisra,,open,Academy,,,JP,dataset,,Open data portal,active,,,,,,,has_api,JA,0,0,0,,,,,
https://opendata.pref.akita.lg.jp,opendataprefakitalgjp,Akita prefecture open data,Akita prefecture,open,Regional government,,,JP,dataset,,Open data portal,active,,,,,,,"government,has_api",JA,0,0,0,,,,,
https://www1.city.tamba.lg.jp,www1citytambalgjp,Tamba City Open Data Public Site,Tamba City,open,Local government,,,JP,dataset,,Open data portal,active,,,,,,,"government,has_api",JA,0,0,0,,,,,
http://kilimodata.developlocal.org,kilimodatadeveloplocalorg,"Ministry of Agriculture, Livestock and Fisheries in the Republic of Kenya data catalog","Ministry of Agriculture, Livestock and Fisheries in the Republic of Kenya",open,Central government,,,KE,dataset,,Open data portal,active,,,,,,,"government,has_api",EN,0,0,0,,,,,
http://data.nsdi.go.kr,datansdigokr,Korea National Spatial Data Infrastructure Portal,Korea Land and Geospatial Information Corporation/,open,Central government,,,KR,dataset,,Open data portal,active,,,,,,,"government,has_api","EN,KR",0,0,0,,,,,
https://dataurbe.appcivico.com,dataurbeappcivicocom,Dataurbe,,open,Civil society,,,LatinAmerica,dataset,,Open data portal,active,,,,,,,has_api,PT,0,0,0,,,,,
https://data.health.gov.lk,datahealthgovlk,Open Data Portal Ministry of Health Sri Lanka,inistry of Health Sri Lanka,open,Business,,,LK,dataset,,Open data portal,uncertain,,,,,,,government,EN,0,0,0,,,,,
https://data.gov.lt,datagovlt,Lietuvos atvir? duomen? portalas,IVPK Information Society Development Committee Budgetary institution,open,Central government,,,LT,dataset,,Open data portal,active,,,,,,,"government,has_api",LT,0,0,0,,,,,
https://opendata.vilnius.lt,opendatavilniuslt,Vilnus Open Data Portal,IVPK Information Society Development Committee Budgetary institution,open,Regional government,,,LT,dataset,,Open data portal,active,,,,,,,"government,has_api",LT,0,0,0,,,,,
https://rinkiniai.lietuvosfinansai.lt,rinkiniailietuvosfinansailt,OPEN FINANCES OF LITHUANIA data portal,The Ministry of Finance of the Republic of Lithuania,open,Central government,,,LT,dataset,,Open data portal,active,,,,,,,"government,has_api",LT,0,0,0,,,,,
https://www.data.gov.ma,wwwdatagovma,Portail Open Data - Données ouvertes du Maroc,Government of Morocco,open,Central government,,,MA,dataset,,Open data portal,active,,,,,,,"government,has_api",FR,0,0,0,,,,,
https://data.gov.md,datagovmd,Portalul Guvernamental al Datelor Deschise,Guvernul Republicii Moldova,open,Central government,,,MD,dataset,,Open data portal,active,,,,,,,"government,has_api","RO,EN,RU",0,0,0,,,,,
https://data.gov.mk,datagovmk,datagovmk,,open,Central government,,,MK,dataset,,Open data portal,active,,,,,,,"government,has_api",MK,0,0,0,,,,,
https://edu.mrpam.gov.mn,edumrpamgovmn,SESMIM Knowledge Portal,Ministry of Mining and Heavy Industry Mongolia,open,Central government,,,MN,dataset,,Open data portal,active,,,,,,,"government,has_api",MN,0,0,0,,,,,
https://opendata.gov.mn,opendatagovmn,OpenData.mn,,open,Central government,,,MN,dataset,,Open data portal,active,,,,,,,"government,has_api",MN,0,0,0,,,,,
https://portal.igg.ac.mn,portaliggacmn,IGG Knowledge Portal,,open,Academy,,,MN,dataset,,Open data portal,active,,,,,,,has_api,MN,0,0,0,,,,,
https://data.gov.my,datagovmy,Portal Data Terbuka Malaysia,Government of Malaysia,open,Central government,,,MY,dataset,,Open data portal,deprecated,,,,,,,"government,has_api",MS,0,0,0,,,,,
https://data.sarawak.gov.my,datasarawakgovmy,The official portal of Sarawak data,Sarawak State,open,Regional government,,,MY,dataset,,Open data portal,active,,,,,,,"government,has_api",MS,0,0,0,,,,,
https://data.overheid.nl,dataoverheidnl,data.overheid.nl,,open,Central government,,,NL,dataset,,Open data portal,active,,,,,,,"government,has_api",EN,0,0,0,,,,,
https://opendata.picturae.com,opendatapicturaecom,Picturae Opendata,,open,Business,,,NL,dataset,,Open data portal,active,,,,,,,has_api,NL,0,0,0,,,,,
https://opendata.vlaanderen.be,opendatavlaanderenbe,The Flemish Open Data Portal,Flemish government,open,Regional government,,,NL,dataset,,Open data portal,deprecated,,,,,,,"government,has_api",NL,0,0,0,,,,,
https://rotterdamopendata.nl,rotterdamopendatanl,Rotterdam Open Data,,open,Local government,,,NL,dataset,,Open data portal,active,,,,,,,"government,has_api",NL,0,0,0,,,,,
https://epos-msl.uu.nl,eposmsluunl,EPOS Multi-Scale Labs data catalogue,Utrecht University,open,Academy,,,NL,dataset,,Scientific data repository,active,,,,,,,"government,has_api",EN,0,0,0,,,,,
https://data.coat.no,datacoatno,COAT Data Portal,,open,Academy,,,NO,dataset,,Open data portal,active,,,,2.9.7,"stats, text_view, image_view, recline_view, coatcustom, scheming_datasets, scheming_organizations, spatial_metadata, spatial_query, harvest, ckan_harvester, doi, oauth2, datasetversions, coat",,has_api,EN,212,10,0,,,Climate-ecological Observatory for Arctic Tundra (COAT),COAT Data Portal,en
https://geodata.nzpam.govt.nz,geodatanzpamgovtnz,New Zealand geoscience geodata catalogue,New Zealand Petroleum & Minerals,open,Central government,,,NZ,"dataset,map_layer",,Geoportal,active,,,,,,,"government,has_api",EN,0,0,0,,,,,
https://pacificdata.org,pacificdataorg,Pacific Data Hub,Pacific Community (SPC),open,International,,,Oceania,dataset,,Open data portal,active,,,,,,,has_api,EN,0,0,0,,,,,
https://datosabiertos.mef.gob.pe,datosabiertosmefgobpe,Datos Abiertos del Ministerio de Economía y Finanzas Peru,Ministerio de Economía y Finanzas Peru,open,Central government,,,PE,dataset,,Open data portal,active,,,,,,,"government,has_api",ES,0,0,0,,,,,
https://opendata.kp.gov.pk,opendatakpgovpk,Khyber Pakhtunkhwa Open Data Portal!,Government of Khyber Pakhtunkhwa,open,Regional government,,,PK,dataset,,Open data portal,active,,,,2.8.3,"stats, datapusher, datastore, text_view, image_view, kpodp_theme",kpopendataportal@gmail.com,"government,has_api",EN,6085,71,28,,,Search KP data,KP OpenData Portal,en
http://catalogue.simocean.pt,cataloguesimoceanpt,SIMOcean Catalogue,Portuguese Sea and Atmosphere,open,Academy,,,PT,dataset,,Open data portal,active,,,,,,,has_api,EN,0,0,0,,,,,
https://dadosabertos.cascais.pt,dadosabertoscascaispt,Cascais open data portal,Cascais City Council,open,Local government,,,PT,dataset,,Open data portal,active,,,,,,,"government,has_api",PT,0,0,0,,,,,
https://dadosdesertificacao.pt,dadosdesertificacaopt,Open Data Portal of the National Desertification Observatory,National Desertification Observatory (OND),open,Academy,,,PT,dataset,,Open data portal,active,,,,,,,has_api,EN,0,0,0,,,,,
https://opendata.azores.gov.pt,opendataazoresgovpt,Dados Abertos - Governo dos Açores,Governo dos Açores,open,Regional government,,,PT,dataset,,Open data portal,active,,,,,,,"government,has_api",PT,0,0,0,,,,,
https://rdm.inesctec.pt,rdminesctecpt,INESC TEC research data repository,INESC TEC,open,Academy,,,PT,dataset,,Open data portal,active,,,,2.10.3,"activity, datastore",,has_api,EN,161,1,4,,,INESC TEC Open Research Data,CKAN,en
http://ruraldados.pt,ruraldadospt,Rural Data (Portugal),National Desertification Observatory (OND),open,Academy,,,PT,dataset,,Open data portal,active,,,,,,,has_api,EN,0,0,0,,,,,
http://128.199.41.97:5000,viseudaolafoesopendata,Portal de Dados Abertos Viseu Dão Lafões,Viseu Dão Lafões,open,Regional government,,,PT,dataset,,Open data portal,active,,,,2.9.3,"stats, text_view, image_view, recline_view, datastore, datapusher, geojson_view, shp_view, resource_proxy",,"government,has_api",PT,90,15,6,,,,CKAN,pt_PT
https://data.gov.ro,datagovro,Data.gov.ro Romanian open data portal,Government of Romania,open,Central government,,,RO,dataset,,Open data portal,active,,,,2.8.3,"image_view, text_view, recline_view, pdf_view, recline_grid_view, recline_graph_view, recline_map_view, webpage_view, stats, showcase, datastore, datapusher, resource_proxy, geo_view, geojson_view, qa, archiver, report, tagless_report, rating, datarequests, sparql_interface, contact_us_plugin, dcat, dcat_json_interface, structured_data, datagovro_theme, pages, envvars, googleanalytics","datagovro@gmail.com,larisa.panait@gov.ro","government,has_api",RO,4876,176,14,,,datele deschise din administrația publică,data.gov.ro,ro
https://data.openpolice.ru,dataopenpoliceru,???????? ?????? ???????,,open,Civil society,,,RU,dataset,,Open data portal,active,,,,,,,has_api,RU,0,0,0,,,,,
https://data.sgm.ru,datasgmru,?????? ???????? ?????? ??? ???,,open,Academy,,,RU,dataset,,Open data portal,active,,,,,,,has_api,RU,0,0,0,,,,,
http://opendata.city.tambov.gov.ru/,opendatacitytambovgovru,Data portal of the Tambov city administration,Tambov city administration,open,Local government,,,RU,dataset,,Open data portal,active,,,,,,,"government,has_api",RU,0,0,0,,,,,
https://od.data.gov.sa,oddatagovsa,Saudi Open Data,,open,Central government,,,SA,dataset,,Open data portal,active,,,,,,,"government,has_api","AR,EN",0,0,0,,,,,
https://data.gov.sg,datagovsg,Data.gov.sg Open Data Singapore,Government of Singapore,open,Central government,,,SG,dataset,,Open data portal,active,,,,,,,"government,has_api",EN,0,0,0,,,,,
https://data.gov.sk,datagovsk,Slovak Republic Open Data Portal,Národná agentúra pre sie?ové a elektronické sluby (NASES),open,Central government,,,SK,dataset,,Open data portal,active,,,,,,,"government,has_api",SK,0,0,0,,,,,
https://catalog.dasta.or.th,catalogdastaorth,Designated Areas for Sustainable Tourism Administration accounting system,Designated Areas for Sustainable Tourism Administration (Public Organization),open,Central government,,,TH,dataset,,Open data portal,active,,,,2.10.7,"thai_gdc, showcase, stats, opendstats, activity, image_view, datatables_view, text_view, webpage_view, resource_proxy, geo_view, geojson_view, shp_view, xloader, datastore, pdf_view, dcat, dcat_json_interface, structured_data, scheming_datasets, hierarchy_display, hierarchy_form, envvars",,government,TH,53,3,2,,,,องค์การบริหารการพัฒนาพื้นที่พิเศษเพื่อการท่องเที่ยวอย่างยั่งยืน (องค์การมหาชน),th
https://catalog.dmh.go.th,catalogdmhgoth,DMH Data catalog,Departement of Mentral health (Thailand),open,Central government,,,TH,dataset,,Open data portal,active,,,,2.10.7,"thai_gdc, showcase, stats, opendstats, activity, image_view, datatables_view, text_view, webpage_view, resource_proxy, geo_view, geojson_view, shp_view, xloader, datastore, pdf_view, dcat, dcat_json_interface, structured_data, scheming_datasets, hierarchy_display, hierarchy_form",,government,TH,289,47,2,,,กรมสุขภาพจิต กระทรวงสาธารณสุข,DMH DATA CATALOG,th
https://catalog.dnp.go.th,catalogdnpgoth,"Department of National Parks, Wildlife and Plant Conservation data catalog","Department of National Parks, Wildlife and Plant Conservation (Thailand)",open,Central government,,,TH,dataset,,Open data portal,active,,,,,,,government,TH,0,0,0,,,,,
https://catalog.fpo.go.th,catalogfpogoth,Data catalog system Fiscal Policy Office,Fiscal Policy Office (Thailand),open,Central government,,,TH,dataset,,Open data portal,active,,,,2.10.7,"thai_gdc, showcase, stats, opendstats, activity, image_view, datatables_view, text_view, webpage_view, resource_proxy, geo_view, geojson_view, shp_view, xloader, datastore, pdf_view, dcat, dcat_json_interface, structured_data, scheming_datasets, hierarchy_display, hierarchy_form",,government,TH,7,5,3,,,สำนักงานเศรษฐกิจการคลังได้ดำเนินการจัดทำบัญชีข้อมูลเพื่อประโยชน์ในการเข้าถึงข้อมูลของหน่วยงานและผู้สนใจทั่วไป เพื่อใช้ศึกษารวมถึงสร้างนวัตกรรมต่าง ๆ โดยปัจจุบันมีข้อมูลของกองนโยบายระบบการเงินและสถาบันการเงิน และกองโยบายการคลัง จำนวนรวม 29 ชุดข้อมูล,ระบบบัญชีข้อมูลสำนักงานเศรษฐกิจการคลัง (FPO Data Catalog),th
https://catalog.ocsc.go.th,catalogocscgoth,"Data accounting system, Office of the Civil Service Commission (Thailand)",Office of the Civil Service Commission (Thailand),open,Central government,,,TH,dataset,,Open data portal,active,,,,,,,government,TH,0,0,0,,,,,
https://ckan.pdmo.go.th,ckanpdmogoth,PDMO data catalog (Thailand),Public Debt Management Office (PDMO) (Thailand),open,Central government,,,TH,dataset,,Open data portal,active,,,,,,,government,TH,0,0,0,,,,,
https://data.forest.go.th,dataforestgoth,Royal Forest Department data catalog,Royal Forest Department (Thailand),open,Central government,,,TH,dataset,,Open data portal,active,,,,,,,government,TH,0,0,0,,,,,
https://dataportal.cps.chula.ac.th,dataportalcpschulaacth,Chula ARi Open Data,Chulalongkorn University,open,Academy,,,TH,dataset,,Open data portal,active,,,,,,,has_api,TH,0,0,0,,,,,
http://dataportal.drr.go.th,dataportaldrrgoth,Department of Rural Roads (Thailand) open data,Department of Rural Roads (Thailand),open,Central government,,,TH,dataset,,Open data portal,active,,,,,,,has_api,TH,0,0,0,,,,,
https://gdcatalog.energy.go.th,gdcatalogenergygoth,"The accounting system Office of the Permanent Secretary, Ministry of Energy",Ministry of Energy (Thailand),open,Central government,,,TH,dataset,,Open data portal,active,,,,,,,government,TH,0,0,0,,,,,
https://lddcatalog.ldd.go.th,lddcataloglddgoth,Department of Land Development Accounting System,Department of Land Developmnet Thailand,open,Central government,,,TH,dataset,,Open data portal,active,,,,2.10.7,"thai_gdc, showcase, stats, opendstats, activity, image_view, datatables_view, text_view, webpage_view, resource_proxy, geo_view, geojson_view, shp_view, xloader, datastore, pdf_view, dcat, dcat_json_interface, structured_data, scheming_datasets, hierarchy_display, hierarchy_form",,government,TH,22,10,6,,,,LDD CKAN,th
https://nabc-catalog.oae.go.th,nabccatalogoaegoth,National Agricultural Big Data Center,National Agricultural Information Center Office of Agricultural Economics Ministry of Agriculture and Cooperatives (Thailand),open,Central government,,,TH,dataset,,Open data portal,active,,,,2.10.7,"harvest, ckan_harvester, bt_theme, thai_gdc, showcase, stats, opendstats, activity, image_view, datatables_view, text_view, webpage_view, resource_proxy, geo_view, geojson_view, shp_view, xloader, datastore, pdf_view, dcat, dcat_json_interface, structured_data, scheming_datasets, hierarchy_display, hierarchy_form",,government,TH,598,85,14,,,ระบบบัญชีข้อมูลศูนย์ข้อมูลเกษตรแห่งชาติ - NABC Data Catalog,NABC Data Catalog,th
http://opendata.alro.go.th,opendataalrogoth,Agricultural land reform office open data (Thailand),Agricultural land reform office (Thailand),open,Central government,,,TH,dataset,,Open data portal,active,,,,,,,government,TH,0,0,0,,,,,
https://opendata.dmcr.go.th,opendatadmcrgoth,Department of Marine and Coastal Resources Data disclosure system,Department of Marine and Coastal Resources (Thailand),open,Central government,,,TH,dataset,,Open data portal,active,,,,,,,government,TH,0,0,0,,,,,
https://opendata.dsd.go.th,opendatadsdgoth,Department of Skill Development data catalog,Department of Skill Development (Thailand),open,Central government,,,TH,dataset,,Open data portal,active,,,,2.10.7,"thai_gdc, showcase, stats, opendstats, activity, image_view, datatables_view, text_view, webpage_view, resource_proxy, geo_view, geojson_view, shp_view, xloader, datastore, pdf_view, dcat, dcat_json_interface, structured_data, scheming_datasets, hierarchy_display, hierarchy_form",,government,TH,13,1,4,,,กรมพัฒนาฝีมือแรงงาน กระทรวงแรงงาน,opendata.dsd.go.th,th
https://opendata.onde.go.th,opendataondegoth,Office of the National Digital Economy and Society Commission open data,Office of the National Digital Economy and Society Commission,open,Central government,,,TH,dataset,,Open data portal,active,,,,,,,government,TH,0,0,0,,,,,
https://opendata.onwr.go.th,opendataonwrgoth,National Water Resources Office data catalog (Thailand),National Water Resources Office (Thailand),open,Central government,,,TH,dataset,,Open data portal,active,,,,,,,government,TH,0,0,0,,,,,
https://ckan.ino.nectec.or.th,ckaninonectecorth,The NECTEC Data HUB,National Electronics and Computer Technology Center (NECTEC),open,Academy,,,TH,dataset,,Scientific data repository,active,,,,,,,"government,has_api","EN,TH",0,0,0,,,,,
https://agridata.tn,agridatatn,AgriDATA,"Ministère de l'Agriculture, des Ressources Hydrauliques et de la Pêche",open,Central government,,,TN,dataset,,Open data portal,active,,,,,,,"government,has_api",FR,0,0,0,,,,,
https://catalog.industrie.gov.tn,catalogindustriegovtn,Industrie Open Data,,open,Central government,,,TN,dataset,,Open data portal,active,,,,,,,"government,has_api",FR,0,0,0,,,,,
https://data.transport.tn,datatransporttn,Tunisian Open Data Transport,,open,Central government,,,TN,dataset,,Open data portal,active,,,,,,,"government,has_api",FR,0,0,0,,,,,
https://openbaladiati.tn,openbaladiatitn,Portail des données ouvertes des Municipalités,,open,Local government,,,TN,dataset,,Open data portal,active,,,,,,,"government,has_api","AR,FR",0,0,0,,,,,
https://www.openculture.gov.tn,wwwopenculturegovtn,Open Culture,Ministry of Cultural Affairs Tunis,open,Central government,,,TN,dataset,,Open data portal,active,,,,,,,"government,has_api",FR,0,0,0,,,,,
https://bmckan.cpami.gov.tw,bmckancpamigovtw,Ministry of Interior of the Republic of China open data,Ministry of Interior of the Republic of China,open,Central government,,,TW,dataset,,Open data portal,active,,,,,,,"government,has_api",zh_TW,0,0,0,,,,,
https://data.cdc.gov.tw,datacdcgovtw,Taiwan CDC Open Data Portal,"Center for Diseases Control, Ministry of Health and Welfare",open,Central government,,,TW,dataset,,Open data portal,active,,,,,,,"government,has_api",zh_TW,0,0,0,,,,,
https://data.odw.tw,dataodwtw,Open Data Web Taiwan Linked Open Data Platform,Institute of Information Science,open,Academy,,,TW,dataset,,Open data portal,active,,,,2.5.6,"iislod, tempsearch, text_view, image_view, recline_view, sparql_interface, harvest, dcat, dcat_json_interface, scheming_datasets, repeating, dc15_harvester, agent_harvester, project_harvester, event_harvester, article_harvester, r1_harvester, spatial_metadata, spatial_query",,has_api,EN,1676352,2,0,,,,Open Data Web (Beta),en
https://opendata.e-land.gov.tw,opendataelandgovtw,Yilan County Government open data,Yilan County Government,open,Local government,,,TW,dataset,,Open data portal,active,,,,,,,"government,has_api",zh_TW,0,0,0,,,,,
http://taijiang.tw,taijiangtw,Taijiang Research Data Repository,Academia Sinica,open,Academy,,,TW,dataset,,Open data portal,active,,,,,,,has_api,zh_TW,0,0,0,,,,,
https://data-gov-ua.org,datagovuaorg,DataGovUa - ??????????? ??????,,open,Civil society,,,UA,dataset,,Open data portal,active,,,,,,,has_api,EN,0,0,0,,,,,
https://data.imr.gov.ua,dataimrgovua,?????? ????????? ????? ?????????? ??????? ????,,open,Local government,,,UA,dataset,,Open data portal,active,,,,,,,"government,has_api",UK,0,0,0,,,,,
https://data.mariupolrada.gov.ua,datamariupolradagovua,?????? ????????? ????? ?????????,,open,Local government,,,UA,dataset,,Open data portal,active,,,,,,,"government,has_api",UK,0,0,0,,,,,
https://opendata.city-adm.lviv.ua,opendatacityadmlvivua,?????? ????????? ????? ??????,,open,Local government,,,UA,dataset,,Open data portal,active,,,,2.10.1,"activity, datastore, datapusher, datatables_view, scheming_datasets, scheming_groups, scheming_organizations, lviv_theme, text_view",,"government,has_api",UK,1464,174,18,,,Порталу відкритих даних Львова,Портал відкритих даних Львова,uk_UA
https://opendata.slavrada.gov.ua,opendataslavradagovua,?????? ????????? ????? ????'??????,,open,Local government,,,UA,dataset,,Open data portal,active,,,,,,,"government,has_api",UK,0,0,0,,,,,
http://catalog.data.ug,catalogdataug,Open Data in Uganda,African Centre for Media Excellence,open,Civil society,,,UG,dataset,,Open data portal,deprecated,,,,,,,has_api,EN,0,0,0,,,,,
https://data.doi.gov,datadoigov,data.doi.gov,US Department of the Interior,open,Central government,,,US,dataset,,Open data portal,active,,,,,,,"government,has_api",EN,0,0,0,,,,,
https://data.noaa.gov,datanoaagov,NOAA Data Catalog,NOAA,open,Central government,,,US,dataset,,Open data portal,active,,,,,,,"government,has_api",EN,0,0,0,,,,,
https://opendata.eol.org,opendataeolorg,OpenData.eol.org,National Museum of Natural History Smithsonian Institution,open,Academy,,,US,dataset,,Open data portal,active,,,,,,,has_api,EN,0,0,0,,,,,
https://data.diversitydatakids.org,datadiversitydatakidsorg,Diversity data for kids data portal,"Institute for Child, Youth and Family Policy at Brandeis University",open,Civil society,,,US,dataset,,Open data portal,active,,,,,,,has_api,EN,0,0,0,,,,,
https://www.civicdata.io,wwwcivicdataio,CivicData.com,,open,Business,,,US,dataset,,Open data portal,active,,,,,,,has_api,EN,0,0,0,,,,,
http://cybercommons-data.hpc.okstate.edu,cybercommonsdatahpcokstateedu,Cybercommons Data Repository,University of Oklahoma,open,Academy,,,US,dataset,,Open data portal,active,,,,,,,has_api,EN,0,0,0,,,,,
https://arcticatlas.geobotany.org/catalog,arcticatlasgeobotanyorg,Alaska Arctic Geoecological Atlas,University of Alaska,open,Academy,,,US,dataset,,Open data portal,active,,,,,,,has_api,EN,0,0,0,,,,,
https://data.disl.edu,datadisledu,MESC Data Management Center,The Alabama Marine Environmental Sciences Consortium (MESC),open,Regional government,,,US,dataset,,Open data portal,active,,,,2.9.6,"stats, text_view, image_view, recline_view, datastore, xloader, resource_proxy, geo_view, geojson_view, shp_view, harvest, ckan_harvester, spatial_metadata, spatial_query",,"government,has_api",EN,235,3,1,,,,MESC Data Management Center,en
https://data.sanjoseca.gov/home,datasanjosecagov,"San Jose, Ca Open Data",City of San Jose,open,Local government,,,US,dataset,,Open data portal,active,,,,,,,government,EN,0,0,0,,,,,
https://data.smgov.net,datasmgovnet,The Data Portal for the City of Santa Monica,City of Santa Monica,open,Local government,,,US,dataset,,Open data portal,active,,,,,,,government,EN,0,0,0,,,,,
https://data.hawaii.gov,datahawaiigov,Hawaii Open Data,Sate of Hawaii,open,Regional government,,,US,dataset,,Open data portal,active,,,,,,,government,EN,0,0,0,,,,,
https://data.illinois.gov,dataillinoisgov,Illinois Open Data,State of Illinois,open,Regional government,,,US,dataset,,Open data portal,deprecated,,,,,,,government,EN,0,0,0,,,,,
https://opendata.worcesterma.gov,opendataworcestermagov,Informing Worcester,,open,Local government,,,US,dataset,,Open data portal,deprecated,,,,,,,"government,has_api",EN,0,0,0,,,,,
https://gisdata.mn.gov,gisdatamngov,Minnesota Geospatial Commons,State of Minnesota,open,Regional government,,,US,dataset,,Open data portal,active,,,,2.8.4,"stats, text_view, image_view, recline_view, spatial_metadata, spatial_query, geo_view, resource_proxy, harvest, ckan_harvester, dcat, dcat_rdf_harvester, dcat_json_harvester, dcat_json_interface, structured_data, geodatamn",,"government,has_api",EN,1065,48,18,,,,Minnesota Geospatial Commons,en_US
https://data.missouriepscor.org,datamissouriepscororg,Missouri EPSCoR Data Portal,EPSCoR,open,Civil society,,,US,dataset,,Open data portal,active,,,,,,,has_api,EN,0,0,0,,,,,
https://bernco.civicdashboards.com,berncocivicdashboardscom,Bernalillo County Open Data Sandbox,Bernalillo County,open,Local government,,,US,dataset,,Open data portal,active,,,,,,,has_api,EN,0,0,0,,,,,
https://indicadores.pr,indicadorespr,El Sistema de Indicadores de Puerto Ric,Instituto de Estadísticas de Puerto Rico,open,Regional government,,,US,dataset,,Open data portal,active,,,,,,,"government,has_api",ES,0,0,0,,,,,
https://data.treasury.ri.gov,datatreasuryrigov,Office of the General Treasurer Data Portal,,open,Regional government,,,US,dataset,,Open data portal,active,,,,,activity,,"government,has_api",EN,444,6,6,,,Rhode Island Treasury Transparency Portal,Office of the General Treasurer Data Portal,en
https://data.tn.gov,datatngov,TN Open Data Portal,,open,Regional government,,,US,dataset,,Open data portal,uncertain,,,,,,,"government,has_api",EN,0,0,0,,,,,
https://data.haugiang.gov.vn,datahaugianggovvn,Hau Giang Province open data portal,Hau Giang Province,open,Regional government,,,VI,dataset,,Open data portal,active,,,,,,,"government,has_api",VN,0,0,0,,,,,
https://data.longan.gov.vn,datalongangovvn,Long An Province open data portal,Long An Province,open,Regional government,,,VI,dataset,,Open data portal,uncertain,,,,,,,government,VN,0,0,0,,,,,
https://data.ninhbinh.gov.vn,dataninhbinhgovvn,Ninh Binh province open data portal,Ninh Binh province,open,Regional government,,,VI,dataset,,Open data portal,active,,,,,,,"government,has_api",VN,0,0,0,,,,,
http://data.vodic.vn,datavodicvn,Vietnam Open Data Portal Marine and island environment and resources,Vietnam national sea and island data information center,open,Central government,,,VI,dataset,,Open data portal,active,,,,,,,"government,has_api",VN,0,0,0,,,,,
https://open.data.gov.vn,opendatagovvn,Vietnam open data portal,Vietnam ministry of information and communication,open,Central government,,,VI,dataset,,Open data portal,active,,,,,,,"government,has_api",VN,0,0,0,,,,,
https://opendata.monre.gov.vn,opendatamonregovvn,Open data gate of the Environmental resources industry (Vietnam),Ministry of natural resources and environment of Vietnam,open,Central government,,,VI,dataset,,Open data portal,active,,,,,,,"government,has_api",VN,0,0,0,,,,,
https://opendata.ptit.edu.vn,opendataptiteduvn,PTIT Opendata Centre,Academy of Posts and Telecommunications,open,Academy,,,VI,dataset,,Open data portal,uncertain,,,,,,,government,VN,0,0,0,,,,,
https://opendata.vinhlong.gov.vn,opendatavinhlonggovvn,Vinh Long open data portal,Vinh Long Provincial People's Committee,open,Regional government,,,VI,dataset,,Open data portal,active,,,,,,,"government,has_api",VN,0,0,0,,,,,
https://data.apps.fao.org,dataappsfaoorg,data.apps.fao.org,,open,International,,,World,dataset,,Open data portal,deprecated,,,,,,,has_api,EN,0,0,0,,,,,
https://data.iita.org,dataiitaorg,IITA Data,The International Institute of Tropical Agriculture (IITA),open,Academy,,,World,dataset,,Open data portal,active,,,,2.7.11,"stats, text_view, image_view, recline_view, datastore, datapusher, iitatheming, scheming_datasets, pdf_view, restricted, composite, googleanalytics, ckanbase",,"government,has_api",EN,3445,2,5,,,Transforming African Agriculture,IITA,en
https://data.ocean.gov.za,dataoceangovza,Marine Information Management System,Southern African Data Centre for Oceanography (SADCO).,open,Central government,,,ZA,dataset,,Open data portal,active,,,,,,,"government,has_api",EN,0,0,0,,,,,
https://data.openup.org.za,dataopenuporgza,OpenUp Data portal,OpenUp Non-profit org.,open,Civil society,,,ZA,dataset,,Open data portal,active,,,,,,,"government,has_api",EN,0,0,0,,,,,
https://data.vulekamali.gov.za,datavulekamaligovza,vulekamali Datastore,National Treasury Republic of South Africa,open,Central government,,,ZA,dataset,,Open data portal,active,,,,,,,"government,has_api",EN,0,0,0,,,,,
https://ocims.csir.co.za,ocimscsircoza,The GMES and Africa Marine and Coastal Operations (MarCOSouth) project,The Council for Scientific and Industrial Research (South Africa),open,Academy,,,ZA,dataset,,Open data portal,active,,,,2.10.7,"activity, harvest, ckan_harvester, googleanalytics, spatial_metadata, spatial_query, dcat, sitemap, structured_data, dcat_rdf_harvester, dcat_json_harvester, spatialUI, resource_proxy, geo_view, ags_fs_view, ags_ms_view, csw_harvester, waf_harvester, doc_harvester",,"government,has_api",EN,2384,2,0,,,,CKAN,en
